group,condition,es_patience,dropout,drop_where,class_weight,seed,recall,precision,f1,pr_auc,epochs,best_epoch,hit_max_epoch,train_seconds,n_params,input_dim
기준,base,5,0.0,none,balanced,42,0.8115183246073299,0.46546546546546547,0.5916030534351145,0.6801970900894005,13,8,False,3.8697500000707805,5953,26
기준,base,5,0.0,none,balanced,43,0.7958115183246073,0.44970414201183434,0.5746691871455577,0.6818536370376568,26,21,False,7.668855699943379,5953,26
기준,base,5,0.0,none,balanced,44,0.8219895287958116,0.44857142857142857,0.5804066543438078,0.6843000700561653,26,21,False,7.22223909990862,5953,26
조기종료,es_none,none,0.0,none,balanced,42,0.7068062827225131,0.46875,0.5636743215031316,0.6141098984992289,50,8,True,13.567299799993634,5953,26
조기종료,es_none,none,0.0,none,balanced,43,0.7539267015706806,0.4864864864864865,0.5913757700205339,0.6505209502830519,50,21,True,13.32206659996882,5953,26
조기종료,es_none,none,0.0,none,balanced,44,0.774869109947644,0.49498327759197325,0.6040816326530613,0.6467016358436775,50,21,True,13.513626100029796,5953,26
조기종료,es_p3,3,0.0,none,balanced,42,0.8115183246073299,0.46546546546546547,0.5916030534351145,0.6801970900894005,11,8,False,3.8455483000725508,5953,26
조기종료,es_p3,3,0.0,none,balanced,43,0.7958115183246073,0.44970414201183434,0.5746691871455577,0.6818536370376568,24,21,False,7.171812199987471,5953,26
조기종료,es_p3,3,0.0,none,balanced,44,0.8219895287958116,0.44857142857142857,0.5804066543438078,0.6843000700561653,24,21,False,7.168280299985781,5953,26
조기종료,es_p10,10,0.0,none,balanced,42,0.8115183246073299,0.46546546546546547,0.5916030534351145,0.6801970900894005,18,8,False,5.600841599982232,5953,26
조기종료,es_p10,10,0.0,none,balanced,43,0.7958115183246073,0.44970414201183434,0.5746691871455577,0.6818536370376568,31,21,False,9.100087499944493,5953,26
조기종료,es_p10,10,0.0,none,balanced,44,0.8219895287958116,0.44857142857142857,0.5804066543438078,0.6843000700561653,31,21,False,9.319970099953935,5953,26
드롭아웃,do_all_0.2,5,0.2,all,balanced,42,0.8115183246073299,0.4696969696969697,0.5950095969289827,0.701062416782044,36,31,False,10.920877799857408,5953,26
드롭아웃,do_all_0.2,5,0.2,all,balanced,43,0.837696335078534,0.45454545454545453,0.5893186003683242,0.7000270250639696,32,27,False,9.84184979996644,5953,26
드롭아웃,do_all_0.2,5,0.2,all,balanced,44,0.8167539267015707,0.4785276073619632,0.6034816247582205,0.6870582401800965,23,18,False,7.471620799973607,5953,26
드롭아웃,do_all_0.3,5,0.3,all,balanced,42,0.8010471204188482,0.46788990825688076,0.5907335907335908,0.6948300728006341,35,30,False,10.817570900078863,5953,26
드롭아웃,do_all_0.3,5,0.3,all,balanced,43,0.806282722513089,0.4489795918367347,0.5767790262172284,0.6944240411974717,32,27,False,9.142448699800298,5953,26
드롭아웃,do_all_0.3,5,0.3,all,balanced,44,0.806282722513089,0.48580441640378547,0.6062992125984252,0.6945423527828644,42,37,False,12.076529399957508,5953,26
드롭아웃,do_all_0.5,5,0.5,all,balanced,42,0.8010471204188482,0.4608433734939759,0.5850860420650096,0.6921169815953755,35,30,False,10.804957600077614,5953,26
드롭아웃,do_all_0.5,5,0.5,all,balanced,43,0.8115183246073299,0.45722713864306785,0.5849056603773585,0.685595022150193,39,34,False,11.697464699856937,5953,26
드롭아웃,do_all_0.5,5,0.5,all,balanced,44,0.806282722513089,0.5049180327868853,0.6209677419354839,0.6910330048249432,48,43,False,14.221409799996763,5953,26
드롭아웃,do_last_0.2,5,0.2,last,balanced,42,0.8167539267015707,0.45481049562682213,0.5842696629213483,0.6753215643255909,20,15,False,6.490493899909779,5953,26
드롭아웃,do_last_0.2,5,0.2,last,balanced,43,0.743455497382199,0.45806451612903226,0.5668662674650699,0.676009216920722,42,37,False,12.226045399904251,5953,26
드롭아웃,do_last_0.2,5,0.2,last,balanced,44,0.837696335078534,0.45325779036827196,0.5882352941176471,0.6826181507813862,23,18,False,7.0717883999459445,5953,26
드롭아웃,do_last_0.3,5,0.3,last,balanced,42,0.837696335078534,0.431266846361186,0.5693950177935944,0.6802649829612113,24,19,False,7.29873300017789,5953,26
드롭아웃,do_last_0.3,5,0.3,last,balanced,43,0.7958115183246073,0.4691358024691358,0.5902912621359223,0.6659028243317496,31,26,False,9.101986200083047,5953,26
드롭아웃,do_last_0.3,5,0.3,last,balanced,44,0.806282722513089,0.45294117647058824,0.5800376647834274,0.6750257940700638,16,11,False,5.147608199855313,5953,26
드롭아웃,do_last_0.5,5,0.5,last,balanced,42,0.8324607329842932,0.4428969359331476,0.5781818181818181,0.6743285792856505,24,19,False,7.266819400014356,5953,26
드롭아웃,do_last_0.5,5,0.5,last,balanced,43,0.8272251308900523,0.4514285714285714,0.5841035120147874,0.6626434879938241,24,19,False,7.380980199901387,5953,26
드롭아웃,do_last_0.5,5,0.5,last,balanced,44,0.8167539267015707,0.46706586826347307,0.5942857142857143,0.6738776712957818,23,18,False,6.656484999926761,5953,26
클래스가중치,cw_none,5,0.0,none,none,42,0.5916230366492147,0.6457142857142857,0.6174863387978142,0.6810586095512782,13,8,False,3.9195018999744207,5953,26
클래스가중치,cw_none,5,0.0,none,none,43,0.612565445026178,0.639344262295082,0.6256684491978609,0.6751654222737823,19,14,False,5.272990399971604,5953,26
클래스가중치,cw_none,5,0.0,none,none,44,0.581151832460733,0.6342857142857142,0.6065573770491803,0.6744465753857047,13,8,False,3.893695400096476,5953,26
클래스가중치,cw_sqrt,5,0.0,none,sqrt,42,0.7172774869109948,0.5780590717299579,0.6401869158878505,0.6856411422793631,18,13,False,5.289980900008231,5953,26
클래스가중치,cw_sqrt,5,0.0,none,sqrt,43,0.7225130890052356,0.5609756097560976,0.631578947368421,0.6825519820282602,22,17,False,6.238286799984053,5953,26
클래스가중치,cw_sqrt,5,0.0,none,sqrt,44,0.7172774869109948,0.5502008032128514,0.6227272727272727,0.6751895137798083,15,10,False,4.868903900031,5953,26
