optimizer,lr,batch_size,layers,units,seed,recall,precision,f1,pr_auc,epochs,best_epoch,hit_max_epoch,steps_per_epoch,train_seconds,n_params,input_dim
adam,0.001,32,2,64,42,0.8115183246073299,0.46546546546546547,0.5916030534351145,0.6801970900894005,13,8,False,267,9.921201099999962,5953,26
adam,0.001,32,2,64,43,0.7958115183246073,0.44970414201183434,0.5746691871455577,0.6818536370376568,26,21,False,267,17.338680300000306,5953,26
adam,0.001,32,2,64,44,0.8219895287958116,0.44857142857142857,0.5804066543438078,0.6843000700561653,26,21,False,267,18.210462500000176,5953,26
adam,0.001,64,2,64,42,0.8167539267015707,0.46017699115044247,0.5886792452830188,0.6872359890349826,19,14,False,134,9.934601500000099,5953,26
adam,0.001,64,2,64,43,0.8115183246073299,0.46130952380952384,0.5882352941176471,0.677922758499554,27,22,False,134,12.0888872000005,5953,26
adam,0.001,64,2,64,44,0.8010471204188482,0.4526627218934911,0.5784499054820416,0.6827617586307998,20,15,False,134,9.822119699999348,5953,26
adam,0.001,128,2,64,42,0.8167539267015707,0.4431818181818182,0.574585635359116,0.6865157736577523,23,18,False,67,8.456818100000419,5953,26
adam,0.001,128,2,64,43,0.806282722513089,0.46808510638297873,0.5923076923076923,0.6769660191904109,45,40,False,67,13.148428299999978,5953,26
adam,0.001,128,2,64,44,0.8010471204188482,0.4421965317919075,0.5698324022346368,0.6844751344221209,30,25,False,67,10.091332300000431,5953,26
adam,0.001,256,2,64,42,0.7801047120418848,0.476038338658147,0.5912698412698413,0.6818101222924136,25,20,False,34,7.285728200000449,5953,26
adam,0.001,256,2,64,43,0.7905759162303665,0.4778481012658228,0.5956607495069034,0.6712429751574648,35,30,False,34,9.206804400000692,5953,26
adam,0.001,256,2,64,44,0.7696335078534031,0.4803921568627451,0.5915492957746479,0.6840766551411691,37,32,False,34,9.056907000000137,5953,26
