조건,시드,입력 차원,실제 에폭,best 에폭,val Recall,F1,PR-AUC
A,42,26,13,8,0.8115183246073299,0.5916030534351145,0.6801970900894005
A,43,26,26,21,0.7958115183246073,0.5746691871455577,0.6818536370376568
A,44,26,26,21,0.8219895287958116,0.5804066543438078,0.6843000700561653
B,42,44,15,10,0.806282722513089,0.5735567970204841,0.6498487322362124
B,43,44,16,11,0.7958115183246073,0.5823754789272031,0.6419060345549187
B,44,44,16,11,0.8010471204188482,0.5795454545454546,0.6597448172847541
C,42,71,14,9,0.7905759162303665,0.5886939571150097,0.6281388882397643
C,43,71,17,12,0.7801047120418848,0.5775193798449613,0.6447555399744574
C,44,71,12,7,0.7905759162303665,0.5841392649903289,0.6389145492927548
