optimizer,lr,layers,units,seed,recall,precision,f1,pr_auc,epochs,best_epoch,hit_max_epoch,n_params,input_dim
adam,0.001,2,64,42,0.8115183246073299,0.46546546546546547,0.5916030534351145,0.6801970900894005,13,8,False,5953,26
sgd_momentum,0.01,2,64,42,0.806282722513089,0.45427728613569324,0.5811320754716981,0.6819121244958087,19,14,False,5953,26
sgd_momentum,0.01,2,64,43,0.7905759162303665,0.45896656534954405,0.5807692307692308,0.6754221417258328,19,14,False,5953,26
sgd_momentum,0.01,2,64,44,0.8167539267015707,0.4508670520231214,0.5810055865921788,0.6769817278168501,21,16,False,5953,26
sgd_momentum,0.001,2,64,42,0.806282722513089,0.47678018575851394,0.5992217898832685,0.6606253138561523,50,49,True,5953,26
sgd_momentum,0.001,2,64,43,0.7853403141361257,0.47770700636942676,0.594059405940594,0.6641074506283567,50,50,True,5953,26
sgd_momentum,0.001,2,64,44,0.774869109947644,0.46540880503144655,0.581532416502947,0.6651440409566105,50,50,True,5953,26
sgd_momentum,0.0001,2,64,42,0.7382198952879581,0.4577922077922078,0.5651302605210421,0.594435164230037,50,48,True,5953,26
sgd_momentum,0.0001,2,64,43,0.7225130890052356,0.46621621621621623,0.5667351129363449,0.5977202238483317,43,38,False,5953,26
sgd_momentum,0.0001,2,64,44,0.7382198952879581,0.4577922077922078,0.5651302605210421,0.5880312170310783,41,36,False,5953,26
adam,0.01,2,64,42,0.7591623036649214,0.5234657039711191,0.6196581196581197,0.6815861762422396,12,7,False,5953,26
adam,0.01,2,64,43,0.7643979057591623,0.5104895104895105,0.6121593291404612,0.679992629790992,10,5,False,5953,26
adam,0.01,2,64,44,0.7905759162303665,0.4934640522875817,0.607645875251509,0.6776176130908065,12,7,False,5953,26
adam,0.001,2,64,43,0.7958115183246073,0.44970414201183434,0.5746691871455577,0.6818536370376568,26,21,False,5953,26
adam,0.001,2,64,44,0.8219895287958116,0.44857142857142857,0.5804066543438078,0.6843000700561653,26,21,False,5953,26
adam,0.0001,2,64,42,0.7801047120418848,0.4983277591973244,0.6081632653061224,0.6765646189646887,50,50,True,5953,26
adam,0.0001,2,64,43,0.7539267015706806,0.48322147651006714,0.588957055214724,0.6176163918527513,22,17,False,5953,26
adam,0.0001,2,64,44,0.7643979057591623,0.49324324324324326,0.5995893223819302,0.6673999148729601,50,50,True,5953,26
adamw,0.01,2,64,42,0.7801047120418848,0.5,0.6094069529652352,0.6913512967178675,13,8,False,5953,26
adamw,0.01,2,64,43,0.7643979057591623,0.5195729537366548,0.6186440677966102,0.6361787912585012,10,5,False,5953,26
adamw,0.01,2,64,44,0.7958115183246073,0.49673202614379086,0.6116700201207244,0.6731175098634179,10,5,False,5953,26
adamw,0.001,2,64,42,0.8219895287958116,0.46865671641791046,0.596958174904943,0.6819991961860625,17,12,False,5953,26
adamw,0.001,2,64,43,0.7958115183246073,0.46060606060606063,0.5834932821497121,0.6760675146095168,30,25,False,5953,26
adamw,0.001,2,64,44,0.806282722513089,0.42896935933147634,0.56,0.6738858368806375,19,14,False,5953,26
adamw,0.0001,2,64,42,0.7801047120418848,0.49666666666666665,0.6069246435845214,0.6761146294140222,50,50,True,5953,26
adamw,0.0001,2,64,43,0.7801047120418848,0.4885245901639344,0.6008064516129032,0.6568760564501639,50,50,True,5953,26
adamw,0.0001,2,64,44,0.7643979057591623,0.49324324324324326,0.5995893223819302,0.6677585681520719,50,50,True,5953,26
