layers,units,seed,recall,precision,f1,pr_auc,epochs,best_epoch,n_params,input_dim
2,64,42,0.8115183246073299,0.46546546546546547,0.5916030534351145,0.6801970900894005,13,8,5953,26
1,32,42,0.7958115183246073,0.49032258064516127,0.6067864271457086,0.6898429957347805,42,37,897,26
1,32,43,0.7801047120418848,0.4775641025641026,0.5924453280318092,0.6779535256956414,23,18,897,26
1,32,44,0.7801047120418848,0.49174917491749176,0.6032388663967612,0.6733601100327413,28,23,897,26
1,64,42,0.7905759162303665,0.4617737003058104,0.583011583011583,0.6674407069348994,33,28,1793,26
1,64,43,0.774869109947644,0.4774193548387097,0.590818363273453,0.6719767097280227,20,15,1793,26
1,64,44,0.7905759162303665,0.48089171974522293,0.598019801980198,0.6686215303174305,22,17,1793,26
1,128,42,0.774869109947644,0.46540880503144655,0.581532416502947,0.6586015768887961,20,15,3585,26
1,128,43,0.8010471204188482,0.46932515337423314,0.5918762088974855,0.6628621875317591,23,18,3585,26
1,128,44,0.806282722513089,0.46808510638297873,0.5923076923076923,0.6570574319168971,26,21,3585,26
2,32,42,0.8115183246073299,0.45722713864306785,0.5849056603773585,0.684498022602085,28,23,1953,26
2,32,43,0.7958115183246073,0.4676923076923077,0.5891472868217055,0.6710851440827089,20,15,1953,26
2,32,44,0.8115183246073299,0.4626865671641791,0.5893536121673004,0.687875623622084,38,33,1953,26
2,64,43,0.7958115183246073,0.44970414201183434,0.5746691871455577,0.6818536370376568,26,21,5953,26
2,64,44,0.8219895287958116,0.44857142857142857,0.5804066543438078,0.6843000700561653,26,21,5953,26
2,128,42,0.8010471204188482,0.46646341463414637,0.5895953757225434,0.6673953998899317,13,8,20097,26
2,128,43,0.8219895287958116,0.46449704142011833,0.5935727788279773,0.6677699127475055,13,8,20097,26
2,128,44,0.7958115183246073,0.4537313432835821,0.5779467680608364,0.6693616302902521,12,7,20097,26
3,32,42,0.7958115183246073,0.4691358024691358,0.5902912621359223,0.6685045645186024,19,14,3009,26
3,32,43,0.8272251308900523,0.45664739884393063,0.5884543761638734,0.6621339249563464,22,17,3009,26
3,32,44,0.806282722513089,0.4652567975830816,0.5900383141762452,0.6754867464847808,18,13,3009,26
3,64,42,0.8219895287958116,0.44857142857142857,0.5804066543438078,0.6698663941857427,15,10,10113,26
3,64,43,0.774869109947644,0.4625,0.5792563600782779,0.6568220629354626,14,9,10113,26
3,64,44,0.8167539267015707,0.45614035087719296,0.5853658536585366,0.6672563747156043,12,7,10113,26
3,128,42,0.7958115183246073,0.45645645645645644,0.5801526717557252,0.652703724319574,13,8,36609,26
3,128,43,0.8219895287958116,0.43131868131868134,0.5657657657657658,0.6677266814188717,13,8,36609,26
3,128,44,0.7905759162303665,0.470404984423676,0.58984375,0.6640199769895878,11,6,36609,26
